Абрамов;Станислав;Филатович; 1989-05-18; 2016-12-08;solomon@att.net;7(6545)478-87-79 ;1;Клиенты\m32.jpg
Авдеев;Самуил;Улебович; 1996-07-04; 2016-02-11;cliffordj@mac.com;7(3168)043-63-31 ;1;Клиенты\m96.jpg
Агафонов;Юстиниан;Олегович; 1997-02-02; 2016-06-08;staffelb@sbcglobal.net;7(303)810-28-78 ;1;Клиенты\m1.jpg
Александров;Станислав;Эдуардович; 1981-07-04; 2018-11-08;bigmauler@aol.com;7(18)164-05-12 ;1;Клиенты\m2.jpg
Алексеева;Элина;Матвеевна; 2002-05-07; 2018-03-28;pthomsen@verizon.net;7(8086)245-64-81 ;2;Клиенты\1.jpg
Андреев;Станислав;Максович; 1975-10-10; 2017-12-26;budinger@mac.com;7(02)993-91-28 ;1;Клиенты\m3.jpg
Андреева;Патрисия;Валерьевна; 1993-11-18; 2016-07-17;jigsaw@aol.com;7(9648)953-81-26 ;2;Клиенты\37.jpg
Анисимов;Валентин;Пантелеймонович; 2000-12-10; 2018-01-20;aaribaud@hotmail.com;7(700)326-70-24 ;1;Клиенты\m99.jpg
Анисимова;Тамара;Витальевна; 1988-06-16; 2016-02-25;schwaang@mac.com;7(66)128-04-10 ;2;Клиенты\2.jpg
Артемьева;Лиза;Максимовна; 1996-05-17; 2018-10-07;snunez@yahoo.ca;7(696)972-70-21 ;2;Клиенты\3.jpg
Архипова;Прасковья;Валерьевна; 1979-01-09; 2018-07-23;cgcra@live.com;7(86)540-10-21 ;2;Клиенты\33.jpg
Афанасьева;Розалия;Макаровна; 1977-05-01; 2017-09-06;malattia@hotmail.com;7(0661)413-23-32 ;2;Клиенты\31.jpg
Баранов;Михаил;Романович; 1997-07-12; 2018-10-07;bigmauler@outlook.com;7(750)985-94-13 ;1;Клиенты\m5.jpg
Баранова;Эльмира;Дмитриевна; 1977-01-15; 2016-07-08;jgmyers@comcast.net;7(9240)643-15-50 ;2;Клиенты\4.jpg
Белозёрова;Диана;Антоновна; 1989-02-27; 2017-01-30;dialworld@aol.com;7(9900)174-59-87 ;2;Клиенты\7.jpg
Беляева;Сабрина;Федосеевна; 1972-07-26; 2017-06-14;agapow@gmail.com;7(6580)534-32-58 ;2;Клиенты\47.jpg
Бирюкова;Инара;Улебовна; 1978-07-21; 2017-10-01;smpeters@hotmail.com;7(098)346-50-58 ;2;Клиенты\5.jpg
Блинов;Евгений;Мэлсович; 1994-01-05; 2017-05-07;moxfulder@outlook.com;7(0852)321-82-64 ;1;Клиенты\m7.jpg
Блохин;Пантелеймон;Феликсович; 1978-03-06; 2018-02-14;balchen@comcast.net;7(9524)556-48-98 ;1;Клиенты\m8.jpg
Бобров;Агафон;Лаврентьевич; 1995-07-29; 2017-05-09;petersen@comcast.net;7(2159)507-39-57 ;1;Клиенты\m35.jpg
Бобылёв;Георгий;Витальевич; 1983-12-19; 2018-04-06;csilvers@mac.com;7(88)685-13-51 ;1;Клиенты\m11.jpg
Большаков;Вадим;Данилович; 1970-05-15; 2018-08-04;uncle@gmail.com;7(386)641-13-37 ;1;Клиенты\m97.jpg
Борисов;Аввакум;Артемович; 1974-04-25; 2017-03-11;chlim@live.com;7(2296)930-08-88 ;1;Клиенты\m12.jpg
Бурова;Светлана;Лукьевна; 1979-01-04; 2016-10-13;wsnyder@aol.com;7(358)173-82-21 ;2;Клиенты\39.jpg
Быков;Трофим;Константинович; 1994-12-20; 2016-04-17;jguyer@aol.com;7(3414)460-12-05 ;1;Клиенты\m14.jpg
Быкова;Тала;Георгьевна; 2000-02-22; 2016-08-13;ganter@optonline.net;7(13)915-53-53 ;2;Клиенты\6.jpg
Васильев;Оскар;Богданович; 1971-01-30; 2017-05-28;miturria@verizon.net;7(585)801-94-29 ;1;Клиенты\m15.jpg
Волков;Людвиг;Витальевич; 1977-12-27; 2016-04-27;jrkorson@msn.com;7(8459)592-05-58 ;1;Клиенты\m50.jpg
Воронова;Изабелла;Вячеславовна; 1999-09-24; 2017-12-21;kildjean@sbcglobal.net;7(17)433-44-98 ;2;Клиенты\21.jpg
Галкин;Эрик;Онисимович; 1975-01-18; 2016-07-19;snunez@verizon.net;7(759)873-77-39 ;1;Клиенты\m16.jpg
Голубев;Иосиф;Тимофеевич; 1982-05-06; 2018-08-18;smcnabb@att.net;7(78)972-73-11 ;1;Клиенты\m18.jpg
Горбачёв;Давид;Тимурович; 1983-05-22; 2018-12-17;hedwig@att.net;7(53)602-85-41 ;1;Клиенты\m36.jpg
Горбачёва;Никки;Еремеевна; 1987-04-21; 2018-08-16;chinthaka@att.net;7(94)789-69-20 ;2;Клиенты\8.jpg
Гордеев;Павел;Семенович; 1984-09-06; 2016-07-19;dawnsong@verizon.net;7(5243)599-66-72 ;1;Клиенты\m19.jpg
Горшкова;Марта;Иосифовна; 2001-02-13; 2016-08-04;gbacon@mac.com;7(544)650-59-03;2;Клиенты\9.jpg
Гусев;Яков;Авксентьевич; 1995-12-10; 2017-11-20;jdhedden@icloud.com;7(0972)781-11-37 ;1;Клиенты\m20.jpg
Гусева;Роза;Дмитриевна; 1999-02-13; 2017-12-12;martyloo@live.com;7(23)064-51-84 ;2;Клиенты\10.jpg
Гущина;Янита;Федоровна; 1999-03-02; 2018-02-01;lishoy@att.net;7(4544)716-68-96 ;2;Клиенты\11.jpg
Дементьев;Вадим;Ростиславович; 1993-07-10; 2018-03-05;jacks@aol.com;7(79)330-46-15 ;1;Клиенты\m39.jpg
Дементьева;Эдита;Онисимовна; 1975-09-17; 2018-11-24;frosal@hotmail.com;7(198)922-28-76 ;2;Клиенты\38.jpg
Дмитриева;Элина;Даниловна; 1988-12-10; 2017-02-11;vmalik@live.com;7(787)140-48-84 ;2;Клиенты\12.jpg
Дроздов;Вольдемар;Артемович; 1976-02-07; 2017-07-18;smpeters@me.com;7(307)456-99-05 ;1;Клиенты\m21.jpg
Евсеев;Макар;Васильевич; 1977-09-13; 2018-12-05;parsimony@sbcglobal.net;7(2141)077-85-70 ;1;Клиенты\m22.jpg
Егорова;Амалия;Дамировна; 1999-09-28; 2016-06-30;drezet@yahoo.com;7(7486)408-12-26 ;2;Клиенты\13.jpg
Ермакова;Алла;Мироновна; 1976-01-22; 2017-02-09;whimsy@aol.com;7(06)437-13-73 ;2;Клиенты\48.jpg
Ершов;Глеб;Федорович; 1970-06-14; 2016-09-14;sjava@aol.com;7(2608)298-40-82 ;1;Клиенты\m23.jpg
Ершова;Номи;Андреевна; 2001-09-13; 2016-06-30;miltchev@mac.com;7(7757)315-90-99 ;2;Клиенты\14.jpg
Ефимов;Альберт;Проклович; 1997-10-29; 2018-06-21;houle@live.com;7(416)375-97-19 ;1;Клиенты\m6.jpg
Ефимова;Магда;Платоновна; 1995-08-16; 2017-08-01;rbarreira@me.com;7(9261)386-15-92 ;2;Клиенты\16.jpg
Ефремов;Витольд;Авксентьевич; 1975-12-02; 2018-04-09;kwilliams@yahoo.ca;7(93)922-14-03 ;1;Клиенты\m28.jpg
Журавлёв;Леонтий;Яковлевич; 2000-03-02; 2018-01-15;cmdrgravy@me.com;7(4403)308-56-96 ;1;Клиенты\m24.jpg
Зуев;Матвей;Иванович; 1981-03-28; 2018-12-18;brickbat@verizon.net;7(5383)893-04-66 ;1;Клиенты\m38.jpg
Игнатов;Захар;Павлович; 1998-10-07; 2017-11-10;dieman@icloud.com;7(578)574-73-36 ;1;Клиенты\m98.jpg
Казаков;Дмитрий;Русланович; 1978-12-15; 2016-05-21;ozawa@verizon.net;7(51)682-19-40 ;1;Клиенты\m44.jpg
Калашников;Артур;Юрьевич; 1972-12-13; 2017-08-20;oevans@aol.com;7(147)947-47-21 ;1;Клиенты\m10.jpg
Калинин;Петр;Иванович; 1993-09-08; 2016-05-26;aschmitz@hotmail.com;7(90)316-07-17 ;1;Клиенты\m47.jpg
Киселёв;Устин;Яковлевич; 1985-01-08; 2018-06-21;dalamb@verizon.net;7(83)334-52-76 ;1;Клиенты\m25.jpg
Князев;Терентий;Валерьевич; 1991-06-19; 2018-06-25;rjones@aol.com;7(98)397-23-23 ;1;Клиенты\m26.jpg
Колесникова;Алина;Еремеевна; 2001-04-19; 2017-01-18;gfxguy@outlook.com;7(74)977-39-71 ;2;Клиенты\40.jpg
Колобов;Орест;Юлианович; 2001-07-14; 2017-01-01;parkes@verizon.net;7(1680)508-58-26 ;1;Клиенты\m27.jpg
Колобова;Злата;Романовна; 1994-08-25; 2016-12-03;sinkou@aol.com;7(50)884-07-35 ;2;Клиенты\18.jpg
Комиссарова;Амалия;Робертовна; 1971-08-18; 2017-08-04;jorgb@msn.com;7(22)647-46-32 ;2;Клиенты\17.jpg
Копылов;Касьян;Робертович; 1983-08-04; 2018-03-18;crobles@sbcglobal.net;7(5774)679-82-06 ;1;Клиенты\m29.jpg
Корнилова;Анэля;Михайловна; 1973-04-02; 2016-05-22;jonathan@aol.com;7(20)980-01-60 ;2;Клиенты\26.jpg
Костина;Любава;Авксентьевна; 1972-07-13; 2016-02-26;gordonjcp@hotmail.com;7(6419)959-21-87 ;2;Клиенты\41.jpg
Крюков;Наум;Ильяович; 1993-11-17; 2017-02-01;floxy@hotmail.com;7(81)657-88-92 ;1;Клиенты\m30.jpg
Крюкова;Авигея;Святославовна; 2000-08-10; 2018-01-03;simone@gmail.com;7(499)318-88-53 ;2;Клиенты\19.jpg
Кудрявцев;Богдан;Христофорович; 1988-02-27; 2016-10-07;lukka@hotmail.com;7(20)131-84-09 ;1;Клиенты\m31.jpg
Кудряшов;Аверкий;Константинович; 1991-07-26; 2018-03-08;nanop@msn.com;7(88)732-96-30 ;1;Клиенты\m33.jpg
Кузьмин;Леонтий;Валерьянович; 2000-05-05; 2017-10-12;msloan@hotmail.com;7(1340)148-90-68 ;1;Клиенты\m17.jpg
Кузьмина;Дэнна;Витальевна; 1993-08-24; 2016-03-27;nichoj@mac.com;7(9940)977-45-73 ;2;Клиенты\20.jpg
Куликова;Эвелина;Вячеславовна; 1997-11-14; 2018-02-01;ilikered@hotmail.com;7(0236)682-42-78 ;2;Клиенты\23.jpg
Лазарев;Алексей;Богданович; 1977-03-10; 2017-01-02;claesjac@me.com;7(0055)737-37-48 ;1;Клиенты\m48.jpg
Лазарева;Эльвина;Робертовна; 1996-02-16; 2018-04-11;ahuillet@comcast.net;7(5564)609-81-37 ;2;Клиенты\28.jpg
Мамонтова;Марфа;Мироновна; 1984-10-19; 2018-02-27;rfoley@verizon.net;7(38)095-64-18 ;2;Клиенты\29.jpg
Медведев;Святослав;Юлианович; 1972-10-04; 2018-10-13;hllam@comcast.net;7(3520)435-21-20 ;1;Клиенты\m13.jpg
Мишина;Иветта;Андреевна; 2002-10-05; 2016-01-24;aukjan@yahoo.com;7(3926)244-81-96 ;2;Клиенты\30.jpg
Морозов;Наум;Валерьянович; 1985-07-04; 2016-05-02;salesgeek@mac.com;7(636)050-96-13 ;1;Клиенты\m49.jpg
Некрасов;Варлам;Михайлович; 2000-11-12; 2017-12-03;dogdude@verizon.net;7(019)258-06-35 ;1;Клиенты\m42.jpg
Новиков;Адриан;Аркадьевич; 1974-01-15; 2018-11-23;multiplx@verizon.net;7(70)572-33-62 ;1;Клиенты\m40.jpg
Овчинникова;Лаура;Еремеевна; 1992-04-03; 2018-11-24;carcus@yahoo.ca;7(85)829-33-79 ;2;Клиенты\35.jpg
Орлова;Влада;Мартыновна; 1990-06-26; 2016-03-21;rnelson@yahoo.ca;7(2506)433-38-35 ;2;Клиенты\22.jpg
Панфилов;Марк;Рудольфович; 1991-04-13; 2016-02-23;cremonini@optonline.net;7(764)282-55-22 ;1;Клиенты\m45.jpg
Попова;Харита;Якуновна; 1997-12-16; 2016-07-05;firstpr@verizon.net;7(335)386-81-06 ;2;Клиенты\36.jpg
Селиверстов;Глеб;Максимович; 1999-06-20; 2016-01-07;jigsaw@sbcglobal.net;7(20)554-28-68 ;1;Клиенты\m37.jpg
Сидорова;Татьяна;Михайловна; 1974-04-24; 2018-10-03;tbeck@mac.com;7(51)732-91-79 ;2;Клиенты\42.jpg
Силин;Гаянэ;Анатольевич; 1976-05-27; 2017-05-05;multiplx@comcast.net;7(4547)615-22-69 ;1;Клиенты\m46.jpg
Смирнов;Мартын;Арсеньевич; 1996-06-25; 2017-02-07;haddawy@live.com;7(6251)589-02-43 ;1;Клиенты\m34.jpg
Степанова;Амелия;Робертовна; 1970-06-06; 2017-09-27;rasca@hotmail.com;7(1217)441-28-42 ;2;Клиенты\15.jpg
Суворова;Божена;Анатольевна; 1981-03-09; 2016-01-28;attwood@aol.com;7(347)895-86-57 ;2;Клиенты\34.jpg
Сысоева;Дарина;Ярославовна; 1982-02-03; 2016-05-13;treit@verizon.net;7(0698)387-96-04 ;2;Клиенты\32.jpg
Трофимова;Альжбета;Якововна; 1988-10-22; 2017-09-21;gbacon@mac.com;7(1084)658-92-95 ;2;Клиенты\25.jpg
Турова;Георгина;Семёновна; 1974-05-28; 2018-02-22;yruan@optonline.net;7(555)321-42-99 ;2;Клиенты\27.jpg
Устинова;Юнона;Валентиновна; 1982-08-08; 2017-05-28;kempsonc@live.com;7(33)367-13-07;2;Клиенты\44.jpg
Федотов;Осип;Анатольевич; 1971-04-13; 2018-07-23;breegster@hotmail.com;7(590)702-33-06 ;1;Клиенты\m9.jpg
Федотова;Сандра;Владленовна; 1985-03-29; 2016-11-08;penna@verizon.net;7(126)195-25-86 ;2;Клиенты\24.jpg
Филатов;Аристарх;Дмитриевич; 1989-05-29; 2017-01-11;hampton@att.net;7(696)235-29-24 ;1;Клиенты\m43.jpg
Цветков;Демьян;Львович; 1996-03-29; 2016-02-12;hauma@icloud.com;7(93)546-43-73 ;1;Клиенты\m4.jpg
Шашкова;Гелла;Эдуардовна; 1979-02-24; 2016-11-16;jadavis@mac.com;7(57)446-21-04 ;2;Клиенты\43.jpg
Шестаков;Геннадий;Рубенович; 2001-07-01; 2018-12-08;tokuhirom@live.com;7(2066)037-11-60 ;1;Клиенты\m41.jpg
;;;;;;;;
;;;;;;;;
